c_e,c_I,dist
Ala,AB,3173.32
Ala,BC,3567.81
Ala,MN,2151.17
Ala,NB,2258.49
Ala,Nfld,3292.1
Ala,NS,2389.5
Ala,ON,1400.15
Ala,PEI,2508.92
Ala,Que,2054.46
Ala,SK,2510.75
Ala,Ala,0
Ala,Ari,2406.34
Ala,Cal,3243.43
Ala,Flo,284.28
Ala,Geo,233.99
Ala,Ida,2889.29
Ala,Ill,880.14
Ala,Ind,826.31
Ala,Ken,662.35
Ala,Lou,506.51
Ala,Mai,1959.32
Ala,Mry,1149.93
Ala,Mas,1744.51
Ala,Mic,1162.68
Ala,Min,1520.67
Ala,MO ,874.65
Ala,Mon,2700.69
Ala,NHm,1768.11
Ala,NJr,1352.83
Ala,Nyr,1588.14
Ala,Nca,801.65
Ala,Nda,2025.72
Ala,Ohi,899.84
Ala,Pen,1218.6
Ala,Ten,427.41
Ala,Tex,1113.28
Ala,Ver,1781.95
Ala,Vir,988.35
Ala,Was,3492.94
Ala,Wis,1224.57
Ari,AB,2204.81
Ari,BC,1906.49
Ari,MN,2196.93
Ari,NB,4071.83
Ari,Nfld,5124.68
Ari,NS,4296.79
Ari,ON,3033.3
Ari,PEI,4336.42
Ari,Que,3721.79
Ari,SK,1980.78
Ari,Ala,2406.34
Ari,Ari,0
Ari,Cal,1012.98
Ari,Flo,2637.93
Ari,Geo,2554.4
Ari,Ida,1176.81
Ari,Ill,2112.81
Ari,Ind,2407.14
Ari,Ken,2498.71
Ari,Lou,2003.6
Ari,Mai,3810.29
Ari,Mry,3228.35
Ari,Mas,3696.07
Ari,Mic,2601.83
Ari,Min,2061.43
Ari,MO ,1870.3
Ari,Mon,1453.17
Ari,NHm,3656.05
Ari,NJr,3377.93
Ari,Nyr,3469.91
Ari,Nca,3054.32
Ari,Nda,1757.86
Ari,Ohi,2677.75
Ari,Pen,3198
Ari,Ten,2321.66
Ari,Tex,1398.89
Ari,Ver,3584.01
Ari,Vir,3147.37
Ari,Was,1757.62
Ari,Wis,2237.65
Cal,AB,1758.61
Cal,BC,1110.76
Cal,MN,2300.18
Cal,NB,4512.7
Cal,Nfld,5496.71
Cal,NS,4761.33
Cal,ON,3533.18
Cal,PEI,4761.11
Cal,Que,4137.09
Cal,SK,1878.47
Cal,Ala,3243.43
Cal,Ari,1012.98
Cal,Cal,0
Cal,Flo,3502.63
Cal,Geo,3348.93
Cal,Ida,712.51
Cal,Ill,2735.11
Cal,Ind,3031.42
Cal,Ken,3172.96
Cal,Lou,2910.81
Cal,Mai,4292.03
Cal,Mry,3862.17
Cal,Mas,4231.36
Cal,Mic,3126.82
Cal,Min,2445.83
Cal,MO ,2537.2
Cal,Mon,1180.88
Cal,NHm,4168.76
Cal,NJr,3975.08
Cal,Nyr,4000.29
Cal,Nca,3774.13
Cal,Nda,1917.88
Cal,Ohi,3293.79
Cal,Pen,3797.87
Cal,Ten,3061.75
Cal,Tex,2354.86
Cal,Ver,4069.65
Cal,Vir,3820.87
Cal,Was,950.56
Cal,Wis,2731.36
Flo,AB,3455.09
Flo,BC,3850.47
Flo,MN,2418.51
Flo,NB,2298.1
Flo,Nfld,3294.83
Flo,NS,2400.21
Flo,ON,1537.76
Flo,PEI,2535.22
Flo,Que,2137.34
Flo,SK,2790.1
Flo,Ala,284.28
Flo,Ari,2637.93
Flo,Cal,3502.63
Flo,Flo,0
Flo,Geo,368.25
Flo,Ida,3166.76
Flo,Ill,1146.53
Flo,Ind,1051.16
Flo,Ken,862.58
Flo,Lou,656.73
Flo,Mai,2003.95
Flo,Mry,1184.26
Flo,Mas,1773.57
Flo,Mic,1364.11
Flo,Min,1787.85
Flo,MO ,1157.55
Flo,Mon,2984.33
Flo,NHm,1813.94
Flo,NJr,1386.99
Flo,Nyr,1647.98
Flo,Nca,794.25
Flo,Nda,2306.71
Flo,Ohi,1067.56
Flo,Pen,1281.66
Flo,Ten,677.35
Flo,Tex,1292.82
Flo,Ver,1849.51
Flo,Vir,1006.71
Flo,Was,3774.13
Flo,Wis,1476.32
Geo,AB,3148.71
Geo,BC,3600.21
Geo,MN,2077.94
Geo,NB,2025.33
Geo,Nfld,3058.23
Geo,NS,2155.57
Geo,ON,1190.19
Geo,PEI,2275.12
Geo,Que,1827.51
Geo,SK,2475.08
Geo,Ala,233.99
Geo,Ari,2554.4
Geo,Cal,3348.93
Geo,Flo,368.25
Geo,Geo,0
Geo,Ida,2950.48
Geo,Ill,815.54
Geo,Ind,686.79
Geo,Ken,494.52
Geo,Lou,731.62
Geo,Mai,1726.36
Geo,Mry,915.95
Geo,Mas,1510.59
Geo,Mic,995.95
Geo,Min,1450.11
Geo,MO ,879.15
Geo,Mon,2726.36
Geo,NHm,1535.08
Geo,NJr,1118.89
Geo,Nyr,1356.34
Geo,Nca,574.49
Geo,Nda,2000.67
Geo,Ohi,704.73
Geo,Pen,986.42
Geo,Ten,343.96
Geo,Tex,1314.14
Geo,Ver,1551.59
Geo,Vir,755.29
Geo,Was,3535.26
Geo,Wis,1123.36
Ida,AB,1103.77
Ida,BC,770.14
Ida,MN,1611.17
Ida,NB,3876.98
Ida,Nfld,4829.74
Ida,NS,4131.23
Ida,ON,2939.8
Ida,PEI,4116.73
Ida,Que,3497.45
Ida,SK,1167.9
Ida,Ala,2889.29
Ida,Ari,1176.81
Ida,Cal,712.51
Ida,Flo,3166.76
Ida,Geo,2950.48
Ida,Ida,0
Ida,Ill,2240.12
Ida,Ind,2522.27
Ida,Ken,2689.68
Ida,Lou,2651.92
Ida,Mai,3675.25
Ida,Mry,3330.1
Ida,Mas,3639.05
Ida,Mic,2558.23
Ida,Min,1842.65
Ida,MO ,2084.76
Ida,Mon,468.89
Ida,NHm,3567.3
Ida,NJr,3419.33
Ida,Nyr,3410.17
Ida,Nca,3300.97
Ida,Nda,1261.27
Ida,Ohi,2768.85
Ida,Pen,3247.97
Ida,Ten,2631.22
Ida,Tex,2202.72
Ida,Ver,3458.27
Ida,Vir,3314.59
Ida,Was,646.6
Ida,Wis,2164.1
Ill,AB,2336.06
Ill,BC,2834.09
Ill,MN,1272.27
Ill,NB,1995.42
Ill,Nfld,3067.12
Ill,NS,2203.24
Ill,ON,955.29
Ill,PEI,2263.36
Ill,Que,1677.57
Ill,SK,1660.31
Ill,Ala,880.14
Ill,Ari,2112.81
Ill,Cal,2735.11
Ill,Flo,1146.53
Ill,Geo,815.54
Ill,Ida,2240.12
Ill,Ill,0
Ill,Ind,299.28
Ill,Ken,449.79
Ill,Lou,1047.56
Ill,Mai,1717.18
Ill,Mry,1133.39
Ill,Mas,1585.81
Ill,Mic,536.27
Ill,Min,641.48
Ill,MO ,257.65
Ill,Mon,1959.54
Ill,NHm,1552.36
Ill,NJr,1268.36
Ill,Nyr,1362.78
Ill,Nca,1061.07
Ill,Nda,1191.06
Ill,Ohi,568.99
Ill,Pen,1088.12
Ill,Ten,473.7
Ill,Tex,1286.47
Ill,Ver,1494.11
Ill,Vir,1086.25
Ill,Was,2783.87
Ill,Wis,367.8
Ind,AB,2541.8
Ind,BC,3091.38
Ind,MN,1420.25
Ind,NB,1731.58
Ind,Nfld,2805.34
Ind,NS,1928.31
Ind,ON,710.61
Ind,PEI,1999.22
Ind,Que,1434.93
Ind,SK,1860.76
Ind,Ala,826.31
Ind,Ari,2407.14
Ind,Cal,3031.42
Ind,Flo,1051.16
Ind,Geo,686.79
Ind,Ida,2522.27
Ind,Ill,299.28
Ind,Ind,0
Ind,Ken,208.42
Ind,Lou,1132.51
Ind,Mai,1445.44
Ind,Mry,834.22
Ind,Mas,1299.58
Ind,Mic,352.6
Ind,Min,811.14
Ind,MO ,538.45
Ind,Mon,2220.93
Ind,NHm,1273.43
Ind,NJr,971.21
Ind,Nyr,1081.55
Ind,Nca,791.72
Ind,Nda,1416.25
Ind,Ohi,270.85
Ind,Pen,791.09
Ind,Ten,405.18
Ind,Tex,1490.79
Ind,Ver,1226.82
Ind,Vir,793.81
Ind,Was,3049.08
Ind,Wis,456.45
Ken,AB,2745.96
Ken,BC,3278.56
Ken,MN,1628.63
Ken,NB,1731.45
Ken,Nfld,2800.13
Ken,NS,1907.06
Ken,ON,767.13
Ken,PEI,1995.79
Ken,Que,1468.91
Ken,SK,2065.26
Ken,Ala,662.35
Ken,Ari,2498.71
Ken,Cal,3172.96
Ken,Flo,862.58
Ken,Geo,494.52
Ken,Ida,2689.68
Ken,Ill,449.79
Ken,Ind,208.42
Ken,Ken,0
Ken,Lou,1035.73
Ken,Mai,1436.02
Ken,Mry,732.59
Ken,Mas,1261.68
Ken,Mic,503.67
Ken,Min,1017.04
Ken,MO ,640.46
Ken,Mon,2405.32
Ken,NHm,1253.12
Ken,NJr,899.62
Ken,Nyr,1060.62
Ken,Nca,611.32
Ken,Nda,1614.57
Ken,Ohi,257.65
Ken,Pen,725.92
Ken,Ten,281.96
Ken,Tex,1472.77
Ken,Ver,1229.47
Ken,Vir,653.5
Ken,Was,3231.35
Ken,Wis,664.71
Lou,AB,3112.08
Lou,BC,3378.35
Lou,MN,2225.05
Lou,NB,2729.65
Lou,Nfld,3778.28
Lou,NS,2875.33
Lou,ON,1802.83
Lou,PEI,2986.15
Lou,Que,2496.43
Lou,SK,2490.23
Lou,Ala,506.51
Lou,Ari,2003.6
Lou,Cal,2910.81
Lou,Flo,656.73
Lou,Geo,731.62
Lou,Ida,2651.92
Lou,Ill,1047.56
Lou,Ind,1132.51
Lou,Ken,1035.73
Lou,Lou,0
Lou,Mai,2430.09
Lou,Mry,1636.92
Lou,Mas,2226.03
Lou,Mic,1484.65
Lou,Min,1623.23
Lou,MO ,909.48
Lou,Mon,2542.5
Lou,NHm,2240.24
Lou,NJr,1836.61
Lou,Nyr,2054.1
Lou,Nca,1305.57
Lou,Nda,2000.92
Lou,Ohi,1293.12
Lou,Pen,1689.68
Lou,Ten,754.05
Lou,Tex,636.3
Lou,Ver,2239.71
Lou,Vir,1483.92
Lou,Was,3284.03
Lou,Wis,1414.49
Mai,AB,3287.05
Mai,BC,4057.51
Mai,MN,2152.41
Mai,NB,299.66
Mai,Nfld,1364.49
Mai,NS,486.98
Mai,ON,777.55
Mai,PEI,559.93
Mai,Que,299.37
Mai,SK,2682.03
Mai,Ala,1959.32
Mai,Ari,3810.29
Mai,Cal,4292.03
Mai,Flo,2003.95
Mai,Geo,1726.36
Mai,Ida,3675.25
Mai,Ill,1717.18
Mai,Ind,1445.44
Mai,Ken,1436.02
Mai,Lou,2430.09
Mai,Mai,0
Mai,Mry,819.97
Mai,Mas,245.31
Mai,Mic,1208.46
Mai,Min,1846.28
Mai,MO ,1973.13
Mai,Mon,3271.73
Mai,NHm,191.33
Mai,NJr,617
Mai,Nyr,377.2
Mai,Nca,1213.19
Mai,Nda,2418.47
Mai,Ohi,1194.17
Mai,Pen,741.62
Mai,Ten,1704.97
Mai,Tex,2908.76
Mai,Ver,226.56
Mai,Vir,997.65
Mai,Was,4065.23
Mai,Wis,1584.22
Mry,AB,3205.36
Mry,BC,3849
Mry,MN,2031.09
Mry,NB,1115.88
Mry,Nfld,2142.94
Mry,NS,1239.97
Mry,ON,581.81
Mry,PEI,1360.56
Mry,Que,970.91
Mry,SK,2536.15
Mry,Ala,1149.93
Mry,Ari,3228.35
Mry,Cal,3862.17
Mry,Flo,1184.26
Mry,Geo,915.95
Mry,Ida,3330.1
Mry,Ill,1133.39
Mry,Ind,834.22
Mry,Ken,732.59
Mry,Lou,1636.92
Mry,Mai,819.97
Mry,Mry,0
Mry,Mas,595.47
Mry,Mic,794.96
Mry,Min,1522.88
Mry,MO ,1360.55
Mry,Mon,2995
Mry,NHm,629.68
Mry,NJr,204.11
Mry,Nyr,470.04
Mry,Nca,399.07
Mry,Nda,2151.24
Mry,Ohi,568.39
Mry,Pen,148.84
Mry,Ten,958.56
Mry,Tex,2164.68
Mry,Ver,673.87
Mry,Vir,181.47
Mry,Was,3822.58
Mry,Wis,1173.12
Mas,AB,3328.39
Mas,BC,4065.57
Mas,MN,2169.73
Mas,NB,525.78
Mas,Nfld,1552.62
Mas,NS,650.64
Mas,ON,699.97
Mas,PEI,765.09
Mas,Que,497.48
Mas,SK,2699.06
Mas,Ala,1744.51
Mas,Ari,3696.07
Mas,Cal,4231.36
Mas,Flo,1773.57
Mas,Geo,1510.59
Mas,Ida,3639.05
Mas,Ill,1585.81
Mas,Ind,1299.58
Mas,Ken,1261.68
Mas,Lou,2226.03
Mas,Mai,245.31
Mas,Mry,595.47
Mas,Mas,0
Mas,Mic,1110.14
Mas,Min,1797.01
Mas,MO ,1836.53
Mas,Mon,3254.33
Mas,NHm,109.09
Mas,NJr,391.76
Mas,Nyr,231.17
Mas,Nca,979.87
Mas,Nda,2395.87
Mas,Ohi,1035.6
Mas,Pen,541.37
Mas,Ten,1519.23
Mas,Tex,2729.42
Mas,Ver,249.01
Mas,Vir,767.57
Mas,Was,4062.91
Mas,Wis,1501.9
Mic,AB,2420.32
Mic,BC,3055.06
Mic,MN,1253.57
Mic,NB,1474.77
Mic,Nfld,2541.26
Mic,NS,1695.01
Mic,ON,431.96
Mic,PEI,1741.68
Mic,Que,1144.61
Mic,SK,1746.06
Mic,Ala,1162.68
Mic,Ari,2601.83
Mic,Cal,3126.82
Mic,Flo,1364.11
Mic,Geo,995.95
Mic,Ida,2558.23
Mic,Ill,536.27
Mic,Ind,352.6
Mic,Ken,503.67
Mic,Lou,1484.65
Mic,Mai,1208.46
Mic,Mry,794.96
Mic,Mas,1110.14
Mic,Mic,0
Mic,Min,729.99
Mic,MO ,792.06
Mic,Mon,2205.9
Mic,NHm,1058.93
Mic,NJr,861.62
Mic,Nyr,879.46
Mic,Nca,919.19
Mic,Nda,1357.31
Mic,Ohi,329.88
Mic,Pen,694.15
Mic,Ten,752.52
Mic,Tex,1812.18
Mic,Ver,982.19
Mic,Vir,833.34
Mic,Was,3031.54
Mic,Wis,396.29
Min,AB,1731.41
Min,BC,2326.15
Min,MN,630.79
Min,NB,2071.65
Min,Nfld,3089.19
Min,NS,2317
Min,ON,1097.32
Min,PEI,2325.81
Min,Que,1701.07
Min,SK,1050.26
Min,Ala,1520.67
Min,Ari,2061.43
Min,Cal,2445.83
Min,Flo,1787.85
Min,Geo,1450.11
Min,Ida,1842.65
Min,Ill,641.48
Min,Ind,811.14
Min,Ken,1017.04
Min,Lou,1623.23
Min,Mai,1846.28
Min,Mry,1522.88
Min,Mas,1797.01
Min,Mic,729.99
Min,Min,0
Min,MO ,713.78
Min,Mon,1476.62
Min,NHm,1727.93
Min,NJr,1588.26
Min,Nyr,1567.68
Min,Nca,1587.07
Min,Nda,628.59
Min,Ohi,996.22
Min,Pen,1423.8
Min,Ten,1112.71
Min,Tex,1679.86
Min,Ver,1624.62
Min,Vir,1542.96
Min,Was,2301.57
Min,Wis,362.91
MO,AB,2299.04
MO,BC,2721.2
MO,MN,1322.49
MO,NB,2252.64
MO,Nfld,3324.63
MO,NS,2458.67
MO,ON,1212.94
MO,PEI,2520.6
MO,Que,1934.9
MO,SK,1640.63
MO,Ala,874.65
MO,Ari,1870.3
MO,Cal,2537.2
MO,Flo,1157.55
MO,Geo,879.15
MO,Ida,2084.76
MO,Ill,257.65
MO,Ind,538.45
MO,Ken,640.46
MO,Lou,909.48
MO,Mai,1973.13
MO,Mry,1360.55
MO,Mas,1836.53
MO,Mic,792.06
MO,Min,713.78
MO,MO ,0
MO,Mon,1847.22
MO,NHm,1806.29
MO,NJr,1507.81
MO,Nyr,1615.73
MO,Nca,1237.03
MO,Nda,1152.89
MO,Ohi,808.15
MO,Pen,1328.06
MO,Ten,547.67
MO,Tex,1051.72
MO,Ver,1750.7
MO,Vir,1293.78
MO,Was,2658.1
MO,Wis,554.5
Mon,AB,754.94
Mon,BC,875.45
Mon,MN,1162.02
Mon,NB,3458.27
Mon,Nfld,4386.38
Mon,NS,3715.56
Mon,ON,2560.98
Mon,PEI,3690.79
Mon,Que,3077.61
Mon,SK,699.43
Mon,Ala,2700.69
Mon,Ari,1453.17
Mon,Cal,1180.88
Mon,Flo,2984.33
Mon,Geo,2726.36
Mon,Ida,468.89
Mon,Ill,1959.54
Mon,Ind,2220.93
Mon,Ken,2405.32
Mon,Lou,2542.5
Mon,Mai,3271.73
Mon,Mry,2995
Mon,Mas,3254.33
Mon,Mic,2205.9
Mon,Min,1476.62
Mon,MO ,1847.22
Mon,Mon,0
Mon,NHm,3176.16
Mon,NJr,3064.76
Mon,Nyr,3029.06
Mon,Nca,3011.89
Mon,Nda,858.68
Mon,Ohi,2448.71
Mon,Pen,2900.04
Mon,Ten,2390.98
Mon,Tex,2191.54
Mon,Ver,3060.33
Mon,Vir,2999.72
Mon,Was,829.11
Mon,Wis,1822.19
NHm,AB,3234.24
NHm,BC,3980.25
NHm,MN,2080.53
NHm,NB,490.47
NHm,Nfld,1547.75
NHm,NS,655.93
NHm,ON,636.42
NHm,PEI,746.82
NHm,Que,398.24
NHm,SK,2610.49
NHm,Ala,1768.11
NHm,Ari,3656.05
NHm,Cal,4168.76
NHm,Flo,1813.94
NHm,Geo,1535.08
NHm,Ida,3567.3
NHm,Ill,1552.36
NHm,Ind,1273.43
NHm,Ken,1253.12
NHm,Lou,2240.24
NHm,Mai,191.33
NHm,Mry,629.68
NHm,Mas,109.09
NHm,Mic,1058.93
NHm,Min,1727.93
NHm,MO ,1806.29
NHm,Mon,3176.16
NHm,NHm,0
NHm,NJr,427.71
NHm,Nyr,192.99
NHm,Nca,1024.74
NHm,Nda,2318.59
NHm,Ohi,1016.25
NHm,Pen,550.96
NHm,Ten,1518.97
NHm,Tex,2725.5
NHm,Ver,141
NHm,Vir,808.38
NHm,Was,3980.57
NHm,Wis,1445.07
NJr,AB,3226.63
NJr,BC,3905.82
NJr,MN,2050.88
NJr,NB,911.99
NJr,Nfld,1941.81
NJr,NS,1038.77
NJr,ON,547.16
NJr,PEI,1156.72
NJr,Que,785.3
NJr,SK,2568.47
NJr,Ala,1352.83
NJr,Ari,3377.93
NJr,Cal,3975.08
NJr,Flo,1386.99
NJr,Geo,1118.89
NJr,Ida,3419.33
NJr,Ill,1268.36
NJr,Ind,971.21
NJr,Ken,899.62
NJr,Lou,1836.61
NJr,Mai,617
NJr,Mry,204.11
NJr,Mas,391.76
NJr,Mic,861.62
NJr,Min,1588.26
NJr,MO ,1507.81
NJr,Mon,3064.76
NJr,NHm,427.71
NJr,NJr,0
NJr,Nyr,283.55
NJr,Nca,597.1
NJr,Nda,2211.21
NJr,Ohi,700.38
NJr,Pen,180.24
NJr,Ten,1143.01
NJr,Tex,2353.05
NJr,Ver,484.88
NJr,Vir,380.74
NJr,Was,3887.92
NJr,Wis,1255.38
Nyr,AB,3122.57
Nyr,BC,3846.31
Nyr,MN,1956.91
Nyr,NB,676.01
Nyr,Nfld,1739.66
Nyr,NS,848.86
Nyr,ON,470.38
Nyr,PEI,936.78
Nyr,Que,502.73
Nyr,SK,2484.66
Nyr,Ala,1588.14
Nyr,Ari,3469.91
Nyr,Cal,4000.29
Nyr,Flo,1647.98
Nyr,Geo,1356.34
Nyr,Ida,3410.17
Nyr,Ill,1362.78
Nyr,Ind,1081.55
Nyr,Ken,1060.62
Nyr,Lou,2054.1
Nyr,Mai,377.2
Nyr,Mry,470.04
Nyr,Mas,231.17
Nyr,Mic,879.46
Nyr,Min,1567.68
Nyr,MO ,1615.73
Nyr,Mon,3029.06
Nyr,NHm,192.99
Nyr,NJr,283.55
Nyr,Nyr,0
Nyr,Nca,869.07
Nyr,Nda,2170.38
Nyr,Ohi,823.33
Nyr,Pen,370.09
Nyr,Ten,1327.99
Nyr,Tex,2533.25
Nyr,Ver,203.86
Nyr,Vir,651.5
Nyr,Was,3840.68
Nyr,Wis,1270.75
Nca,AB,3315.23
Nca,BC,3883.04
Nca,MN,2163.93
Nca,NB,1505.13
Nca,Nfld,2506.07
Nca,NS,1607.95
Nca,ON,881.64
Nca,PEI,1741
Nca,Que,1369
Nca,SK,2634.93
Nca,Ala,801.65
Nca,Ari,3054.32
Nca,Cal,3774.13
Nca,Flo,794.25
Nca,Geo,574.49
Nca,Ida,3300.97
Nca,Ill,1061.07
Nca,Ind,791.72
Nca,Ken,611.32
Nca,Lou,1305.57
Nca,Mai,1213.19
Nca,Mry,399.07
Nca,Mas,979.87
Nca,Mic,919.19
Nca,Min,1587.07
Nca,MO ,1237.03
Nca,Mon,3011.89
Nca,NHm,1024.74
Nca,NJr,597.1
Nca,Nyr,869.07
Nca,Nca,0
Nca,Nda,2204.25
Nca,Ohi,599.6
Nca,Pen,519.62
Nca,Ten,732.68
Nca,Tex,1880.18
Nca,Ver,1072.86
Nca,Vir,217.65
Nca,Was,3839.37
Nca,Wis,1224.25
Nda,AB,1149.12
Nda,BC,1697.82
Nda,MN,439.08
Nda,NB,2615.76
Nda,Nfld,3579.41
Nda,NS,2870.43
Nda,ON,1702.44
Nda,PEI,2855.99
Nda,Que,2236.18
Nda,SK,490.78
Nda,Ala,2025.72
Nda,Ari,1757.86
Nda,Cal,1917.88
Nda,Flo,2306.71
Nda,Geo,2000.67
Nda,Ida,1261.27
Nda,Ill,1191.06
Nda,Ind,1416.25
Nda,Ken,1614.57
Nda,Lou,2000.92
Nda,Mai,2418.47
Nda,Mry,2151.24
Nda,Mas,2395.87
Nda,Mic,1357.31
Nda,Min,628.59
Nda,MO ,1152.89
Nda,Mon,858.68
Nda,NHm,2318.59
Nda,NJr,2211.21
Nda,Nyr,2170.38
Nda,Nca,2204.25
Nda,Nda,0
Nda,Ohi,1620.86
Nda,Pen,2049.83
Nda,Ten,1656.72
Nda,Tex,1855.03
Nda,Ver,2204.58
Nda,Vir,2169.86
Nda,Was,1676.83
Nda,Wis,986.68
Ohi,AB,2718.43
Ohi,BC,3312.39
Ohi,MN,1564.34
Ohi,NB,1486.18
Ohi,Nfld,2558.24
Ohi,NS,1672.18
Ohi,ON,510.21
Ohi,PEI,1752.32
Ohi,Que,1213.25
Ohi,SK,2039.17
Ohi,Ala,899.84
Ohi,Ari,2677.75
Ohi,Cal,3293.79
Ohi,Flo,1067.56
Ohi,Geo,704.73
Ohi,Ida,2768.85
Ohi,Ill,568.99
Ohi,Ind,270.85
Ohi,Ken,257.65
Ohi,Lou,1293.12
Ohi,Mai,1194.17
Ohi,Mry,568.39
Ohi,Mas,1035.6
Ohi,Mic,329.88
Ohi,Min,996.22
Ohi,MO ,808.15
Ohi,Mon,2448.71
Ohi,NHm,1016.25
Ohi,NJr,700.38
Ohi,Nyr,823.33
Ohi,Nca,599.6
Ohi,Nda,1620.86
Ohi,Ohi,0
Ohi,Pen,520.29
Ohi,Ten,539.6
Ohi,Tex,1718.61
Ohi,Ver,981.84
Ohi,Vir,551.08
Ohi,Was,3277.79
Ohi,Wis,634.39
Pen,AB,3085.07
Pen,BC,3746.8
Pen,MN,1909.19
Pen,NB,1041.23
Pen,Nfld,2092.32
Pen,NS,1191.68
Pen,ON,436.74
Pen,PEI,1296.49
Pen,Que,856.72
Pen,SK,2420.49
Pen,Ala,1218.6
Pen,Ari,3198
Pen,Cal,3797.87
Pen,Flo,1281.66
Pen,Geo,986.42
Pen,Ida,3247.97
Pen,Ill,1088.12
Pen,Ind,791.09
Pen,Ken,725.92
Pen,Lou,1689.68
Pen,Mai,741.62
Pen,Mry,148.84
Pen,Mas,541.37
Pen,Mic,694.15
Pen,Min,1423.8
Pen,MO ,1328.06
Pen,Mon,2900.04
Pen,NHm,550.96
Pen,NJr,180.24
Pen,Nyr,370.09
Pen,Nca,519.62
Pen,Nda,2049.83
Pen,Ohi,520.29
Pen,Pen,0
Pen,Ten,978.14
Pen,Tex,2188.66
Pen,Ver,568.56
Pen,Vir,309.82
Pen,Was,3725.3
Pen,Wis,1084.18
Ten,AB,2804.77
Ten,BC,3265.96
Ten,MN,1742.71
Ten,NB,2002.48
Ten,Nfld,3066.52
Ten,NS,2168.66
Ten,ON,1048.84
Ten,PEI,2264.76
Ten,Que,1749
Ten,SK,2131.59
Ten,Ala,427.41
Ten,Ari,2321.66
Ten,Cal,3061.75
Ten,Flo,677.35
Ten,Geo,343.96
Ten,Ida,2631.22
Ten,Ill,473.7
Ten,Ind,405.18
Ten,Ken,281.96
Ten,Lou,754.05
Ten,Mai,1704.97
Ten,Mry,958.56
Ten,Mas,1519.23
Ten,Mic,752.52
Ten,Min,1112.71
Ten,MO ,547.67
Ten,Mon,2390.98
Ten,NHm,1518.97
Ten,NJr,1143.01
Ten,Nyr,1327.99
Ten,Nca,732.68
Ten,Nda,1656.72
Ten,Ohi,539.6
Ten,Pen,978.14
Ten,Ten,0
Ten,Tex,1210.67
Ten,Ver,1503.56
Ten,Vir,842.65
Ten,Was,3205.05
Ten,Wis,800.63
Tex,AB,2854.43
Tex,BC,2962.49
Tex,MN,2184.19
Tex,NB,3203.56
Tex,Nfld,4272.87
Tex,NS,3377.92
Tex,ON,2201.32
Tex,PEI,3468.44
Tex,Que,2924.32
Tex,SK,2312.58
Tex,Ala,1113.28
Tex,Ari,1398.89
Tex,Cal,2354.86
Tex,Flo,1292.82
Tex,Geo,1314.14
Tex,Ida,2202.72
Tex,Ill,1286.47
Tex,Ind,1490.79
Tex,Ken,1472.77
Tex,Lou,636.3
Tex,Mai,2908.76
Tex,Mry,2164.68
Tex,Mas,2729.42
Tex,Mic,1812.18
Tex,Min,1679.86
Tex,MO ,1051.72
Tex,Mon,2191.54
Tex,NHm,2725.5
Tex,NJr,2353.05
Tex,Nyr,2533.25
Tex,Nca,1880.18
Tex,Nda,1855.03
Tex,Ohi,1718.61
Tex,Pen,2188.66
Tex,Ten,1210.67
Tex,Tex,0
Tex,Ver,2700.12
Tex,Vir,2032.89
Tex,Was,2848.85
Tex,Wis,1603.99
Ver,AB,3102.11
Ver,BC,3856.5
Ver,MN,1953.86
Ver,NB,505.06
Ver,Nfld,1578.66
Ver,NS,712.84
Ver,ON,551.02
Ver,PEI,772.43
Ver,Que,300.67
Ver,SK,2484.06
Ver,Ala,1781.95
Ver,Ari,3584.01
Ver,Cal,4069.65
Ver,Flo,1849.51
Ver,Geo,1551.59
Ver,Ida,3458.27
Ver,Ill,1494.11
Ver,Ind,1226.82
Ver,Ken,1229.47
Ver,Lou,2239.71
Ver,Mai,226.56
Ver,Mry,673.87
Ver,Mas,249.01
Ver,Mic,982.19
Ver,Min,1624.62
Ver,MO ,1750.7
Ver,Mon,3060.33
Ver,NHm,141
Ver,NJr,484.88
Ver,Nyr,203.86
Ver,Nca,1072.86
Ver,Nda,2204.58
Ver,Ohi,981.84
Ver,Pen,568.56
Ver,Ten,1503.56
Ver,Tex,2700.12
Ver,Ver,0
Ver,Vir,855.33
Ver,Was,3859.89
Ver,Wis,1357.95
Vir,AB,3253.21
Vir,BC,3863.15
Vir,MN,2086.34
Vir,NB,1291.43
Vir,Nfld,2305.33
Vir,NS,1403.99
Vir,ON,708.17
Vir,PEI,1531.43
Vir,Que,1152.04
Vir,SK,2577.3
Vir,Ala,988.35
Vir,Ari,3147.37
Vir,Cal,3820.87
Vir,Flo,1006.71
Vir,Geo,755.29
Vir,Ida,3314.59
Vir,Ill,1086.25
Vir,Ind,793.81
Vir,Ken,653.5
Vir,Lou,1483.92
Vir,Mai,997.65
Vir,Mry,181.47
Vir,Mas,767.57
Vir,Mic,833.34
Vir,Min,1542.96
Vir,MO ,1293.78
Vir,Mon,2999.72
Vir,NHm,808.38
Vir,NJr,380.74
Vir,Nyr,651.5
Vir,Nca,217.65
Vir,Nda,2169.86
Vir,Ohi,551.08
Vir,Pen,309.82
Vir,Ten,842.65
Vir,Tex,2032.89
Vir,Ver,855.33
Vir,Vir,0
Vir,Was,3828.82
Vir,Wis,1183.32
Was,AB,977.95
Was,BC,160.64
Was,MN,1918.45
Was,NB,4233.47
Was,Nfld,5110.07
Was,NS,4493.33
Was,ON,3375.74
Was,PEI,4454.03
Was,Que,3853.7
Was,SK,1397
Was,Ala,3492.94
Was,Ari,1757.62
Was,Cal,950.56
Was,Flo,3774.13
Was,Geo,3535.26
Was,Ida,646.6
Was,Ill,2783.87
Was,Ind,3049.08
Was,Ken,3231.35
Was,Lou,3284.03
Was,Mai,4065.23
Was,Mry,3822.58
Was,Mas,4062.91
Was,Mic,3031.54
Was,Min,2301.57
Was,MO ,2658.1
Was,Mon,829.11
Was,NHm,3980.57
Was,NJr,3887.92
Was,Nyr,3840.68
Was,Nca,3839.37
Was,Nda,1676.83
Was,Ohi,3277.79
Was,Pen,3725.3
Was,Ten,3205.05
Was,Tex,2848.85
Was,Ver,3859.89
Was,Vir,3828.82
Was,Was,0
Was,Wis,2650.38
Wis,AB,2092.58
Wis,BC,2680.76
Wis,MN,964.05
Wis,NB,1836.01
Wis,Nfld,2887.91
Wis,NS,2067.46
Wis,ON,809.44
Wis,PEI,2099.41
Wis,Que,1484.56
Wis,SK,1411.64
Wis,Ala,1224.57
Wis,Ari,2237.65
Wis,Cal,2731.36
Wis,Flo,1476.32
Wis,Geo,1123.36
Wis,Ida,2164.1
Wis,Ill,367.8
Wis,Ind,456.45
Wis,Ken,664.71
Wis,Lou,1414.49
Wis,Mai,1584.22
Wis,Mry,1173.12
Wis,Mas,1501.9
Wis,Mic,396.29
Wis,Min,362.91
Wis,MO ,554.5
Wis,Mon,1822.19
Wis,NHm,1445.07
Wis,NJr,1255.38
Wis,Nyr,1270.75
Wis,Nca,1224.25
Wis,Nda,986.68
Wis,Ohi,634.39
Wis,Pen,1084.18
Wis,Ten,800.63
Wis,Tex,1603.99
Wis,Ver,1357.95
Wis,Vir,1183.32
Wis,Was,2650.38
Wis,Wis,0
AB,Ala,3173.32
AB,Ari,2204.81
AB,Cal,1758.61
AB,Flo,3455.09
AB,Geo,3148.71
AB,Ida,1103.77
AB,Ill,2336.06
AB,Ind,2541.8
AB,Ken,2745.96
AB,Lou,3112.08
AB,Mai,3287.05
AB,Mry,3205.36
AB,Mas,3328.39
AB,Mic,2420.32
AB,Min,1731.41
AB,MO ,2299.04
AB,Mon,754.94
AB,NHm,3234.24
AB,NJr,3226.63
AB,Nyr,3122.57
AB,Nca,3315.23
AB,Nda,1149.12
AB,Ohi,2718.43
AB,Pen,3085.07
AB,Ten,2804.77
AB,Tex,2854.43
AB,Ver,3102.11
AB,Vir,3253.21
AB,Was,977.95
AB,Wis,2092.58
AB,AB,0
AB,BC,890.18
AB,MN,1176.13
AB,NB,3413.6
AB,Nfld,4211.06
AB,NS,3674
AB,ON,2684.3
AB,PEI,3610.69
AB,Que,3042.78
AB,SK,681.15
BC,Ala,3567.81
BC,Ari,1906.49
BC,Cal,1110.76
BC,Flo,3850.47
BC,Geo,3600.21
BC,Ida,770.14
BC,Ill,2834.09
BC,Ind,3091.38
BC,Ken,3278.56
BC,Lou,3378.35
BC,Mai,4057.51
BC,Mry,3849
BC,Mas,4065.57
BC,Mic,3055.06
BC,Min,2326.15
BC,MO ,2721.2
BC,Mon,875.45
BC,NHm,3980.25
BC,NJr,3905.82
BC,Nyr,3846.31
BC,Nca,3883.04
BC,Nda,1697.82
BC,Ohi,3312.39
BC,Pen,3746.8
BC,Ten,3265.96
BC,Tex,2962.49
BC,Ver,3856.5
BC,Vir,3863.15
BC,Was,160.64
BC,Wis,2680.76
BC,AB,890.18
BC,BC,0
BC,MN,1905.27
BC,NB,4215.31
BC,Nfld,5068.24
BC,NS,4475.86
BC,ON,3385.23
BC,PEI,4429.65
BC,Que,3837.02
BC,SK,1376.89
MN,Ala,2151.17
MN,Ari,2196.93
MN,Cal,2300.18
MN,Flo,2418.51
MN,Geo,2077.94
MN,Ida,1611.17
MN,Ill,1272.27
MN,Ind,1420.25
MN,Ken,1628.63
MN,Lou,2225.05
MN,Mai,2152.41
MN,Mry,2031.09
MN,Mas,2169.73
MN,Mic,1253.57
MN,Min,630.79
MN,MO ,1322.49
MN,Mon,1162.02
MN,NHm,2080.53
MN,NJr,2050.88
MN,Nyr,1956.91
MN,Nca,2163.93
MN,Nda,439.08
MN,Ohi,1564.34
MN,Pen,1909.19
MN,Ten,1742.71
MN,Tex,2184.19
MN,Ver,1953.86
MN,Vir,2086.34
MN,Was,1918.45
MN,Wis,964.05
MN,AB,1176.13
MN,BC,1905.27
MN,MN,0
MN,NB,2315.09
MN,Nfld,3224.37
MN,NS,2574.88
MN,ON,1510.34
MN,PEI,2538.7
MN,Que,1935.25
MN,SK,530.2
NB,Ala,2258.49
NB,Ari,4071.83
NB,Cal,4512.7
NB,Flo,2298.1
NB,Geo,2025.33
NB,Ida,3876.98
NB,Ill,1995.42
NB,Ind,1731.58
NB,Ken,1731.45
NB,Lou,2729.65
NB,Mai,299.66
NB,Mry,1115.88
NB,Mas,525.78
NB,Mic,1474.77
NB,Min,2071.65
NB,MO ,2252.64
NB,Mon,3458.27
NB,NHm,490.47
NB,NJr,911.99
NB,Nyr,676.01
NB,Nca,1505.13
NB,Nda,2615.76
NB,Ohi,1486.18
NB,Pen,1041.23
NB,Ten,2002.48
NB,Tex,3203.56
NB,Ver,505.06
NB,Vir,1291.43
NB,Was,4233.47
NB,Wis,1836.01
NB,AB,3413.6
NB,BC,4215.31
NB,MN,2315.09
NB,NB,0
NB,Nfld,1073.76
NB,NS,260.84
NB,ON,1043.5
NB,PEI,267.99
NB,Que,380.71
NB,SK,2839.21
Nfld,Ala,3292.1
Nfld,Ari,5124.68
Nfld,Cal,5496.71
Nfld,Flo,3294.83
Nfld,Geo,3058.23
Nfld,Ida,4829.74
Nfld,Ill,3067.12
Nfld,Ind,2805.34
Nfld,Ken,2800.13
Nfld,Lou,3778.28
Nfld,Mai,1364.49
Nfld,Mry,2142.94
Nfld,Mas,1552.62
Nfld,Mic,2541.26
Nfld,Min,3089.19
Nfld,MO ,3324.63
Nfld,Mon,4386.38
Nfld,NHm,1547.75
Nfld,NJr,1941.81
Nfld,Nyr,1739.66
Nfld,Nca,2506.07
Nfld,Nda,3579.41
Nfld,Ohi,2558.24
Nfld,Pen,2092.32
Nfld,Ten,3066.52
Nfld,Tex,4272.87
Nfld,Ver,1578.66
Nfld,Vir,2305.33
Nfld,Was,5110.07
Nfld,Wis,2887.91
Nfld,AB,4211.06
Nfld,BC,5068.24
Nfld,MN,3224.37
Nfld,NB,1073.76
Nfld,Nfld,0
Nfld,NS,903.07
Nfld,ON,2112.59
Nfld,PEI,806.29
Nfld,Que,1403.4
Nfld,SK,3720.96
NS,Ala,2389.5
NS,Ari,4296.79
NS,Cal,4761.33
NS,Flo,2400.21
NS,Geo,2155.57
NS,Ida,4131.23
NS,Ill,2203.24
NS,Ind,1928.31
NS,Ken,1907.06
NS,Lou,2875.33
NS,Mai,486.98
NS,Mry,1239.97
NS,Mas,650.64
NS,Mic,1695.01
NS,Min,2317
NS,MO ,2458.67
NS,Mon,3715.56
NS,NHm,655.93
NS,NJr,1038.77
NS,Nyr,848.86
NS,Nca,1607.95
NS,Nda,2870.43
NS,Ohi,1672.18
NS,Pen,1191.68
NS,Ten,2168.66
NS,Tex,3377.92
NS,Ver,712.84
NS,Vir,1403.99
NS,Was,4493.33
NS,Wis,2067.46
NS,AB,3674
NS,BC,4475.86
NS,MN,2574.88
NS,NB,260.84
NS,Nfld,903.07
NS,NS,0
NS,ON,1263.55
NS,PEI,183.39
NS,Que,639.65
NS,SK,3099.58
ON,Ala,1400.15
ON,Ari,3033.3
ON,Cal,3533.18
ON,Flo,1537.76
ON,Geo,1190.19
ON,Ida,2939.8
ON,Ill,955.29
ON,Ind,710.61
ON,Ken,767.13
ON,Lou,1802.83
ON,Mai,777.55
ON,Mry,581.81
ON,Mas,699.97
ON,Mic,431.96
ON,Min,1097.32
ON,MO ,1212.94
ON,Mon,2560.98
ON,NHm,636.42
ON,NJr,547.16
ON,Nyr,470.38
ON,Nca,881.64
ON,Nda,1702.44
ON,Ohi,510.21
ON,Pen,436.74
ON,Ten,1048.84
ON,Tex,2201.32
ON,Ver,551.02
ON,Vir,708.17
ON,Was,3375.74
ON,Wis,809.44
ON,AB,2684.3
ON,BC,3385.23
ON,MN,1510.34
ON,NB,1043.5
ON,Nfld,2112.59
ON,NS,1263.55
ON,ON,0
ON,PEI,1310.84
ON,Que,725.59
ON,SK,2033.04
PEI,Ala,2508.92
PEI,Ari,4336.42
PEI,Cal,4761.11
PEI,Flo,2535.22
PEI,Geo,2275.12
PEI,Ida,4116.73
PEI,Ill,2263.36
PEI,Ind,1999.22
PEI,Ken,1995.79
PEI,Lou,2986.15
PEI,Mai,559.93
PEI,Mry,1360.56
PEI,Mas,765.09
PEI,Mic,1741.68
PEI,Min,2325.81
PEI,MO ,2520.6
PEI,Mon,3690.79
PEI,NHm,746.82
PEI,NJr,1156.72
PEI,Nyr,936.78
PEI,Nca,1741
PEI,Nda,2855.99
PEI,Ohi,1752.32
PEI,Pen,1296.49
PEI,Ten,2264.76
PEI,Tex,3468.44
PEI,Ver,772.43
PEI,Vir,1531.43
PEI,Was,4454.03
PEI,Wis,2099.41
PEI,AB,3610.69
PEI,BC,4429.65
PEI,MN,2538.7
PEI,NB,267.99
PEI,Nfld,806.29
PEI,NS,183.39
PEI,ON,1310.84
PEI,PEI,0
PEI,Que,624.92
PEI,SK,3057.24
Que,Ala,2054.46
Que,Ari,3721.79
Que,Cal,4137.09
Que,Flo,2137.34
Que,Geo,1827.51
Que,Ida,3497.45
Que,Ill,1677.57
Que,Ind,1434.93
Que,Ken,1468.91
Que,Lou,2496.43
Que,Mai,299.37
Que,Mry,970.91
Que,Mas,497.48
Que,Mic,1144.61
Que,Min,1701.07
Que,MO ,1934.9
Que,Mon,3077.61
Que,NHm,398.24
Que,NJr,785.3
Que,Nyr,502.73
Que,Nca,1369
Que,Nda,2236.18
Que,Ohi,1213.25
Que,Pen,856.72
Que,Ten,1749
Que,Tex,2924.32
Que,Ver,300.67
Que,Vir,1152.04
Que,Was,3853.7
Que,Wis,1484.56
Que,AB,3042.78
Que,BC,3837.02
Que,MN,1935.25
Que,NB,380.71
Que,Nfld,1403.4
Que,NS,639.65
Que,ON,725.59
Que,PEI,624.92
Que,Que,0
Que,SK,2460.43
SK,Ala,2510.75
SK,Ari,1980.78
SK,Cal,1878.47
SK,Flo,2790.1
SK,Geo,2475.08
SK,Ida,1167.9
SK,Ill,1660.31
SK,Ind,1860.76
SK,Ken,2065.26
SK,Lou,2490.23
SK,Mai,2682.03
SK,Mry,2536.15
SK,Mas,2699.06
SK,Mic,1746.06
SK,Min,1050.26
SK,MO ,1640.63
SK,Mon,699.43
SK,NHm,2610.49
SK,NJr,2568.47
SK,Nyr,2484.66
SK,Nca,2634.93
SK,Nda,490.78
SK,Ohi,2039.17
SK,Pen,2420.49
SK,Ten,2131.59
SK,Tex,2312.58
SK,Ver,2484.06
SK,Vir,2577.3
SK,Was,1397
SK,Wis,1411.64
SK,AB,681.15
SK,BC,1376.89
SK,MN,530.2
SK,NB,2839.21
SK,Nfld,3720.96
SK,NS,3099.58
SK,ON,2033.04
SK,PEI,3057.24
SK,Que,2460.43
SK,SK,0
